REGION	POS	REF	ALT	REF_DP	REF_RV	REF_QUAL	ALT_DP	ALT_RV	ALT_QUAL	ALT_FREQ	TOTAL_DP	PVAL	PASS	GFF_FEATURE	REF_CODON	REF_AA	ALT_CODON	ALT_AA
NC_045512.2	209	T	C	277	139	30	2	1	39	0.00716846	279	0.250449	FALSE	NA	NA	NA	NA	NA
NC_045512.2	241	C	T	0	0	0	279	141	36	1	279	6.27862e-167	TRUE	NA	NA	NA	NA	NA
NC_045512.2	242	G	A	273	138	39	6	3	33	0.0215054	279	0.0153718	FALSE	NA	NA	NA	NA	NA
NC_045512.2	255	C	T	277	140	34	2	1	35	0.00716846	279	0.250449	FALSE	NA	NA	NA	NA	NA
NC_045512.2	256	G	T	277	140	38	2	1	33	0.00716846	279	0.250449	FALSE	NA	NA	NA	NA	NA
NC_045512.2	273	G	A	282	141	40	2	1	38	0.00704225	284	0.250441	FALSE	NA	NA	NA	NA	NA
NC_045512.2	295	G	-A	283	142	35	10	0	20	0.0353357	283	0.0215033	FALSE	NA	NA	NA	NA	NA
NC_045512.2	545	G	T	291	103	42	4	2	30	0.0135593	295	0.0622861	FALSE	NA	NA	NA	NA	NA
NC_045512.2	602	G	A	289	120	38	1	1	61	0.00344828	290	0.500864	FALSE	NA	NA	NA	NA	NA
NC_045512.2	615	C	T	289	8	38	1	0	38	0.00344828	290	0.500864	FALSE	NA	NA	NA	NA	NA
NC_045512.2	621	G	A	289	8	40	1	0	31	0.00344828	290	0.500864	FALSE	NA	NA	NA	NA	NA
NC_045512.2	625	G	T	289	8	36	1	0	35	0.00344828	290	0.500864	FALSE	NA	NA	NA	NA	NA
NC_045512.2	657	C	T	221	10	40	1	0	31	0.0045045	222	0.501129	FALSE	NA	NA	NA	NA	NA
NC_045512.2	668	A	G	292	175	47	1	1	77	0.00341297	293	0.500855	FALSE	NA	NA	NA	NA	NA
NC_045512.2	670	T	G	0	0	0	294	178	64	1	294	6.00241e-176	TRUE	NA	NA	NA	NA	NA
NC_045512.2	677	G	A	292	176	66	2	2	30	0.00680272	294	0.250426	FALSE	NA	NA	NA	NA	NA
NC_045512.2	698	T	A	297	175	65	1	1	65	0.0033557	298	0.50084	FALSE	NA	NA	NA	NA	NA
NC_045512.2	729	A	T	295	288	40	1	1	31	0.00337838	296	0.500846	FALSE	NA	NA	NA	NA	NA
NC_045512.2	732	A	-T	295	288	40	1	0	20	0.00338983	295	0.876901	FALSE	NA	NA	NA	NA	NA
NC_045512.2	753	C	T	295	288	37	2	2	41	0.00673401	297	0.250422	FALSE	NA	NA	NA	NA	NA
NC_045512.2	765	G	A	294	287	38	1	1	40	0.00338983	295	0.500849	FALSE	NA	NA	NA	NA	NA
NC_045512.2	777	G	A	291	284	39	1	1	30	0.00342466	292	0.500858	FALSE	NA	NA	NA	NA	NA
NC_045512.2	897	C	A	0	0	0	157	79	42	1	157	1.33193e-93	TRUE	NA	NA	NA	NA	NA
NC_045512.2	898	T	C	156	79	44	1	0	75	0.00636943	157	0.501597	FALSE	NA	NA	NA	NA	NA
NC_045512.2	932	G	A	155	85	38	1	1	36	0.00641026	156	0.501608	FALSE	NA	NA	NA	NA	NA
NC_045512.2	1150	C	-T	30	10	45	2	0	20	0.0666667	30	0.271038	FALSE	NA	NA	NA	NA	NA
NC_045512.2	1442	T	C	39	13	36	2	1	41	0.0465116	43	0.240964	FALSE	NA	NA	NA	NA	NA
NC_045512.2	1442	T	A	39	13	36	2	1	36	0.0465116	43	0.240964	FALSE	NA	NA	NA	NA	NA
NC_045512.2	1920	T	C	12	0	37	1	0	41	0.0769231	13	0.52	FALSE	NA	NA	NA	NA	NA
NC_045512.2	1957	G	A	12	8	76	1	1	82	0.0769231	13	0.52	FALSE	NA	NA	NA	NA	NA
NC_045512.2	1959	C	T	12	9	77	1	0	73	0.0769231	13	0.52	FALSE	NA	NA	NA	NA	NA
NC_045512.2	2026	A	G	71	31	36	1	1	20	0.0138889	72	0.503497	FALSE	NA	NA	NA	NA	NA
NC_045512.2	2054	G	A	71	45	49	1	0	74	0.0138889	72	0.503497	FALSE	NA	NA	NA	NA	NA
NC_045512.2	2185	G	+T	33	1	40	13	0	20	0.393939	33	0.000461534	TRUE	NA	NA	NA	NA	NA
NC_045512.2	2562	T	C	145	63	35	2	1	40	0.0136054	147	0.250853	FALSE	NA	NA	NA	NA	NA
NC_045512.2	2570	C	T	145	63	39	2	1	39	0.0136054	147	0.250853	FALSE	NA	NA	NA	NA	NA
NC_045512.2	2632	G	A	145	77	44	1	0	78	0.00684932	146	0.501718	FALSE	NA	NA	NA	NA	NA
NC_045512.2	2664	G	A	30	15	60	1	0	37	0.0322581	31	0.508197	FALSE	NA	NA	NA	NA	NA
NC_045512.2	2704	C	T	30	24	50	1	1	37	0.0322581	31	0.508197	FALSE	NA	NA	NA	NA	NA
NC_045512.2	2790	C	T	0	0	0	9	8	41	1	9	4.11353e-05	TRUE	NA	NA	NA	NA	NA
NC_045512.2	2803	T	C	7	6	40	2	2	32	0.222222	9	0.264706	FALSE	NA	NA	NA	NA	NA
NC_045512.2	3015	C	T	134	50	45	1	0	39	0.00740741	135	0.501859	FALSE	NA	NA	NA	NA	NA
NC_045512.2	3022	T	C	134	65	51	1	1	78	0.00740741	135	0.501859	FALSE	NA	NA	NA	NA	NA
NC_045512.2	3034	T	C	133	85	46	1	1	38	0.00746269	134	0.501873	FALSE	NA	NA	NA	NA	NA
NC_045512.2	3036	T	C	132	85	45	2	1	37	0.0149254	134	0.250936	FALSE	NA	NA	NA	NA	NA
NC_045512.2	3037	C	T	0	0	0	134	86	44	1	134	8.66011e-80	TRUE	NA	NA	NA	NA	NA
NC_045512.2	3103	A	G	37	37	38	1	1	41	0.0263158	38	0.506667	FALSE	NA	NA	NA	NA	NA
NC_045512.2	3210	A	G	63	18	59	3	0	38	0.0454545	66	0.124978	FALSE	NA	NA	NA	NA	NA
NC_045512.2	3253	C	T	61	16	58	1	0	74	0.016129	62	0.504065	FALSE	NA	NA	NA	NA	NA
NC_045512.2	3431	G	T	0	0	0	5	4	37	1	5	0.00793651	TRUE	NA	NA	NA	NA	NA
NC_045512.2	3565	T	C	0	0	0	5	2	74	1	5	0.00793651	TRUE	NA	NA	NA	NA	NA
NC_045512.2	3966	C	T	2	1	81	1	1	77	0.333333	3	0.6	FALSE	NA	NA	NA	NA	NA
NC_045512.2	4148	G	T	13	8	73	6	4	75	0.315789	19	0.0116708	FALSE	NA	NA	NA	NA	NA
NC_045512.2	4184	G	A	0	0	0	45	26	44	1	45	1.92627e-26	TRUE	NA	NA	NA	NA	NA
NC_045512.2	6183	A	G	0	0	0	27	13	51	1	27	1.02725e-15	TRUE	NA	NA	NA	NA	NA
NC_045512.2	6356	G	T	2	1	39	9	8	27	0.818182	11	0.000187119	TRUE	NA	NA	NA	NA	NA
NC_045512.2	6704	A	G	29	18	36	1	1	37	0.0333333	30	0.508475	FALSE	NA	NA	NA	NA	NA
NC_045512.2	6739	A	G	30	20	34	2	1	36	0.0625	32	0.253968	FALSE	NA	NA	NA	NA	NA
NC_045512.2	7113	C	T	43	21	41	16	8	39	0.271186	59	5.45027e-06	TRUE	NA	NA	NA	NA	NA
NC_045512.2	7427	G	A	160	27	38	3	1	37	0.0184049	163	0.124996	FALSE	NA	NA	NA	NA	NA
NC_045512.2	7432	A	-T	163	28	38	2	0	20	0.0122699	163	0.506902	FALSE	NA	NA	NA	NA	NA
NC_045512.2	7440	A	G	167	31	37	1	0	37	0.00595238	168	0.501493	FALSE	NA	NA	NA	NA	NA
NC_045512.2	7450	A	C	166	31	41	2	0	38	0.0119048	168	0.250746	FALSE	NA	NA	NA	NA	NA
NC_045512.2	7485	C	T	170	76	58	1	1	80	0.00584795	171	0.501466	FALSE	NA	NA	NA	NA	NA
NC_045512.2	7500	G	A	169	76	59	1	0	37	0.00588235	170	0.501475	FALSE	NA	NA	NA	NA	NA
NC_045512.2	7529	G	A	108	46	62	1	0	41	0.00917431	109	0.502304	FALSE	NA	NA	NA	NA	NA
NC_045512.2	7784	A	G	49	20	38	1	1	41	0.02	50	0.505051	FALSE	NA	NA	NA	NA	NA
NC_045512.2	7842	A	G	0	0	0	29	14	79	1	29	6.65175e-17	TRUE	NA	NA	NA	NA	NA
NC_045512.2	8045	T	G	53	33	67	1	1	26	0.0185185	54	0.504673	FALSE	NA	NA	NA	NA	NA
NC_045512.2	8393	G	A	0	0	0	85	42	35	1	85	2.18703e-50	TRUE	NA	NA	NA	NA	NA
NC_045512.2	8757	A	G	95	50	35	1	1	37	0.0104167	96	0.502618	FALSE	NA	NA	NA	NA	NA
NC_045512.2	8763	A	-TTTTGACACATGGT	97	52	37	45	0	20	0.463918	97	2.70706e-12	TRUE	NA	NA	NA	NA	NA
NC_045512.2	8779	T	C	95	55	37	3	1	40	0.0306122	98	0.12499	FALSE	NA	NA	NA	NA	NA
NC_045512.2	9016	T	G	6	0	74	2	2	67	0.25	8	0.266667	FALSE	NA	NA	NA	NA	NA
NC_045512.2	9093	T	C	62	28	37	1	0	37	0.015873	63	0.504	FALSE	NA	NA	NA	NA	NA
NC_045512.2	9164	A	G	19	14	35	1	1	31	0.05	20	0.512821	FALSE	NA	NA	NA	NA	NA
NC_045512.2	9344	C	T	0	0	0	5	1	49	1	5	0.00793651	TRUE	NA	NA	NA	NA	NA
NC_045512.2	9424	A	G	0	0	0	6	5	40	1	6	0.0021645	TRUE	NA	NA	NA	NA	NA
NC_045512.2	9534	C	T	0	0	0	18	8	66	1	18	2.20382e-10	TRUE	NA	NA	NA	NA	NA
NC_045512.2	9537	T	C	16	7	65	2	1	39	0.111111	18	0.257143	FALSE	NA	NA	NA	NA	NA
NC_045512.2	9870	C	T	132	40	35	2	1	35	0.0149254	134	0.250936	FALSE	NA	NA	NA	NA	NA
NC_045512.2	9893	C	G	132	40	37	2	1	39	0.0149254	134	0.250936	FALSE	NA	NA	NA	NA	NA
NC_045512.2	9969	C	T	90	38	54	1	0	23	0.010989	91	0.502762	FALSE	NA	NA	NA	NA	NA
NC_045512.2	10029	C	T	0	0	0	92	71	43	1	92	1.38858e-54	TRUE	NA	NA	NA	NA	NA
NC_045512.2	10198	C	T	0	0	0	125	48	35	1	125	2.19278e-74	TRUE	NA	NA	NA	NA	NA
NC_045512.2	10208	C	T	123	47	39	2	1	38	0.016	125	0.251004	FALSE	NA	NA	NA	NA	NA
NC_045512.2	10339	T	C	28	28	40	3	3	39	0.0967742	31	0.124896	FALSE	NA	NA	NA	NA	NA
NC_045512.2	10447	G	A	0	0	0	21	11	58	1	21	3.71569e-12	TRUE	NA	NA	NA	NA	NA
NC_045512.2	10449	C	A	0	0	0	21	11	60	1	21	3.71569e-12	TRUE	NA	NA	NA	NA	NA
NC_045512.2	10519	C	T	12	12	40	1	1	41	0.0769231	13	0.52	FALSE	NA	NA	NA	NA	NA
NC_045512.2	10605	C	-T	2	0	38	1	0	20	0.5	2	0.75	FALSE	NA	NA	NA	NA	NA
NC_045512.2	11287	G	-TCTGGTTTT	11	10	43	11	0	20	1	11	0.00546743	TRUE	NA	NA	NA	NA	NA
NC_045512.2	11380	T	C	0	0	0	1	1	41	1	1	1	FALSE	NA	NA	NA	NA	NA
NC_045512.2	11727	G	A	0	0	0	39	11	40	1	39	7.34834e-23	TRUE	NA	NA	NA	NA	NA
NC_045512.2	11771	G	A	40	19	48	1	0	41	0.0243902	41	0.506173	FALSE	NA	NA	NA	NA	NA
NC_045512.2	11966	G	C	32	8	40	1	0	41	0.030303	33	0.507692	FALSE	NA	NA	NA	NA	NA
NC_045512.2	12133	T	C	93	55	49	1	0	75	0.0106383	94	0.502674	FALSE	NA	NA	NA	NA	NA
NC_045512.2	12284	C	T	104	41	35	1	0	30	0.00952381	105	0.502392	FALSE	NA	NA	NA	NA	NA
NC_045512.2	12354	A	G	102	41	48	2	1	32	0.0192308	104	0.251208	FALSE	NA	NA	NA	NA	NA
NC_045512.2	12369	C	T	102	42	48	2	1	41	0.0192308	104	0.251208	FALSE	NA	NA	NA	NA	NA
NC_045512.2	12436	T	A	12	0	40	1	0	34	0.0769231	13	0.52	FALSE	NA	NA	NA	NA	NA
NC_045512.2	12616	C	T	9	6	36	12	5	51	0.571429	21	3.72127e-05	TRUE	NA	NA	NA	NA	NA
NC_045512.2	12673	T	C	28	13	43	2	2	35	0.0666667	30	0.254237	FALSE	NA	NA	NA	NA	NA
NC_045512.2	12764	A	C	75	37	34	2	1	41	0.025974	77	0.251634	FALSE	NA	NA	NA	NA	NA
NC_045512.2	12782	A	C	76	37	36	2	1	39	0.025641	78	0.251613	FALSE	NA	NA	NA	NA	NA
NC_045512.2	12789	C	T	0	0	0	78	38	38	1	78	3.43296e-46	TRUE	NA	NA	NA	NA	NA
NC_045512.2	12815	C	T	0	0	0	78	39	40	1	78	3.43296e-46	TRUE	NA	NA	NA	NA	NA
NC_045512.2	12845	G	A	75	38	39	2	1	35	0.025974	77	0.251634	FALSE	NA	NA	NA	NA	NA
NC_045512.2	12925	T	-A	20	10	37	2	0	20	0.1	20	0.281707	FALSE	NA	NA	NA	NA	NA
NC_045512.2	13121	A	T	152	78	50	8	5	55	0.05	160	0.00366302	TRUE	NA	NA	NA	NA	NA
NC_045512.2	13129	A	G	158	82	56	2	1	36	0.0125	160	0.250784	FALSE	NA	NA	NA	NA	NA
NC_045512.2	13167	A	G	174	88	52	2	1	38	0.0113636	176	0.250712	FALSE	NA	NA	NA	NA	NA
NC_045512.2	13218	A	-AG	172	131	33	117	0	20	0.680233	172	1.77023e-27	TRUE	NA	NA	NA	NA	NA
NC_045512.2	13232	G	T	172	131	39	1	0	37	0.00578035	173	0.501449	FALSE	NA	NA	NA	NA	NA
NC_045512.2	13299	T	-A	29	19	37	2	0	20	0.0689655	29	0.271771	FALSE	NA	NA	NA	NA	NA
NC_045512.2	13339	T	C	0	0	0	29	19	35	1	29	6.65175e-17	TRUE	NA	NA	NA	NA	NA
NC_045512.2	13352	T	G	28	18	40	1	1	39	0.0344828	29	0.508772	FALSE	NA	NA	NA	NA	NA
NC_045512.2	13449	A	G	96	47	36	2	1	28	0.0204082	98	0.251282	FALSE	NA	NA	NA	NA	NA
NC_045512.2	13458	C	T	97	47	38	1	1	27	0.0102041	98	0.502564	FALSE	NA	NA	NA	NA	NA
NC_045512.2	13459	G	-T	98	48	36	2	0	20	0.0204082	98	0.256397	FALSE	NA	NA	NA	NA	NA
NC_045512.2	13467	A	G	81	39	38	16	9	39	0.164948	97	8.48348e-06	TRUE	NA	NA	NA	NA	NA
NC_045512.2	13549	A	G	29	13	36	2	1	36	0.0645161	31	0.254098	FALSE	NA	NA	NA	NA	NA
NC_045512.2	14241	G	T	0	0	0	3	0	38	1	3	0.1	FALSE	NA	NA	NA	NA	NA
NC_045512.2	14408	C	T	0	0	0	4	2	40	1	4	0.0285714	FALSE	NA	NA	NA	NA	NA
NC_045512.2	14530	T	C	109	55	38	2	1	38	0.018018	111	0.251131	FALSE	NA	NA	NA	NA	NA
NC_045512.2	15169	A	G	34	11	41	20	18	33	0.37037	54	1.34369e-07	TRUE	NA	NA	NA	NA	NA
NC_045512.2	15295	T	C	32	14	37	1	0	39	0.030303	33	0.507692	FALSE	NA	NA	NA	NA	NA
NC_045512.2	15486	A	G	74	37	39	2	1	36	0.0263158	76	0.251656	FALSE	NA	NA	NA	NA	NA
NC_045512.2	15714	C	T	0	0	0	1	0	40	1	1	1	FALSE	NA	NA	NA	NA	NA
NC_045512.2	15756	T	A	0	0	0	8	4	69	1	8	0.0001554	TRUE	NA	NA	NA	NA	NA
NC_045512.2	15825	T	C	82	42	78	1	1	56	0.0120482	83	0.50303	FALSE	NA	NA	NA	NA	NA
NC_045512.2	15873	A	-T	165	86	58	2	0	20	0.0121212	165	0.506818	FALSE	NA	NA	NA	NA	NA
NC_045512.2	15936	A	C	164	117	39	1	1	30	0.00606061	165	0.50152	FALSE	NA	NA	NA	NA	NA
NC_045512.2	16129	G	T	77	34	60	1	1	78	0.0128205	78	0.503226	FALSE	NA	NA	NA	NA	NA
NC_045512.2	16209	T	C	121	82	36	2	1	41	0.0162602	123	0.25102	FALSE	NA	NA	NA	NA	NA
NC_045512.2	16273	T	A	15	2	39	1	0	36	0.0625	16	0.516129	FALSE	NA	NA	NA	NA	NA
NC_045512.2	16414	G	A	8	3	76	1	0	81	0.111111	9	0.529412	FALSE	NA	NA	NA	NA	NA
NC_045512.2	16481	C	T	8	8	40	1	1	37	0.111111	9	0.529412	FALSE	NA	NA	NA	NA	NA
NC_045512.2	16703	A	G	101	37	51	2	1	38	0.0194175	103	0.25122	FALSE	NA	NA	NA	NA	NA
NC_045512.2	16710	G	A	102	37	50	1	1	70	0.00970874	103	0.502439	FALSE	NA	NA	NA	NA	NA
NC_045512.2	16784	C	T	115	56	48	21	11	39	0.154412	136	2.23992e-07	TRUE	NA	NA	NA	NA	NA
NC_045512.2	16960	C	T	166	0	37	1	0	38	0.00598802	167	0.501502	FALSE	NA	NA	NA	NA	NA
NC_045512.2	16988	G	A	165	77	76	1	1	74	0.0060241	166	0.501511	FALSE	NA	NA	NA	NA	NA
NC_045512.2	16990	T	C	164	78	81	2	0	80	0.0120482	166	0.250755	FALSE	NA	NA	NA	NA	NA
NC_045512.2	16991	T	A	165	78	72	1	0	61	0.0060241	166	0.501511	FALSE	NA	NA	NA	NA	NA
NC_045512.2	17081	G	A	321	241	38	2	1	39	0.00619195	323	0.250388	FALSE	NA	NA	NA	NA	NA
NC_045512.2	17096	G	A	317	241	39	2	1	40	0.00626959	319	0.250392	FALSE	NA	NA	NA	NA	NA
NC_045512.2	17098	A	G	318	241	37	1	1	41	0.0031348	319	0.500785	FALSE	NA	NA	NA	NA	NA
NC_045512.2	17101	A	G	316	241	40	2	1	41	0.00628931	318	0.250394	FALSE	NA	NA	NA	NA	NA
NC_045512.2	17109	T	C	317	241	40	2	1	33	0.00626959	319	0.250392	FALSE	NA	NA	NA	NA	NA
NC_045512.2	17228	G	A	60	19	44	1	1	26	0.0163934	61	0.504132	FALSE	NA	NA	NA	NA	NA
NC_045512.2	17233	A	G	59	19	48	2	1	38	0.0327869	61	0.252066	FALSE	NA	NA	NA	NA	NA
NC_045512.2	17334	G	T	0	0	0	17	17	39	1	17	8.57043e-10	TRUE	NA	NA	NA	NA	NA
NC_045512.2	17355	T	C	61	38	38	1	0	31	0.016129	62	0.504065	FALSE	NA	NA	NA	NA	NA
NC_045512.2	17410	C	T	0	0	0	46	23	37	1	46	4.8686e-27	TRUE	NA	NA	NA	NA	NA
NC_045512.2	17489	A	G	196	97	39	2	1	36	0.010101	198	0.250633	FALSE	NA	NA	NA	NA	NA
NC_045512.2	17510	T	C	195	98	33	2	1	38	0.0101523	197	0.250636	FALSE	NA	NA	NA	NA	NA
NC_045512.2	17531	T	C	194	98	32	2	1	41	0.0102041	196	0.250639	FALSE	NA	NA	NA	NA	NA
NC_045512.2	17687	T	G	69	37	38	2	1	39	0.028169	71	0.251773	FALSE	NA	NA	NA	NA	NA
NC_045512.2	17760	A	G	211	104	40	2	1	38	0.00938967	213	0.250588	FALSE	NA	NA	NA	NA	NA
NC_045512.2	17809	A	-T	210	103	40	2	0	20	0.00952381	210	0.693734	FALSE	NA	NA	NA	NA	NA
NC_045512.2	17926	G	A	59	2	39	1	0	37	0.0166667	60	0.504202	FALSE	NA	NA	NA	NA	NA
NC_045512.2	17947	G	T	59	2	39	1	0	37	0.0166667	60	0.504202	FALSE	NA	NA	NA	NA	NA
NC_045512.2	17997	T	C	58	26	73	1	1	78	0.0169492	59	0.504274	FALSE	NA	NA	NA	NA	NA
NC_045512.2	18000	A	G	66	29	69	1	1	60	0.0149254	67	0.503759	FALSE	NA	NA	NA	NA	NA
NC_045512.2	18145	G	A	8	6	40	1	1	38	0.111111	9	0.529412	FALSE	NA	NA	NA	NA	NA
NC_045512.2	18163	A	G	0	0	0	9	7	33	1	9	4.11353e-05	TRUE	NA	NA	NA	NA	NA
NC_045512.2	18210	G	T	161	65	39	1	0	36	0.00617284	162	0.501548	FALSE	NA	NA	NA	NA	NA
NC_045512.2	18215	G	-T	162	65	38	1	0	20	0.00617284	162	0.753851	FALSE	NA	NA	NA	NA	NA
NC_045512.2	18305	T	C	201	98	37	2	1	36	0.00985222	203	0.250617	FALSE	NA	NA	NA	NA	NA
NC_045512.2	18326	C	A	204	118	45	1	1	77	0.00487805	205	0.501222	FALSE	NA	NA	NA	NA	NA
NC_045512.2	18364	C	T	203	119	43	2	1	39	0.0097561	205	0.250611	FALSE	NA	NA	NA	NA	NA
NC_045512.2	18431	C	T	32	31	42	2	2	25	0.0588235	34	0.253731	FALSE	NA	NA	NA	NA	NA
NC_045512.2	18492	A	G	0	0	0	12	5	35	1	12	7.39602e-07	TRUE	NA	NA	NA	NA	NA
NC_045512.2	18506	G	T	10	5	38	3	0	34	0.230769	13	0.124348	FALSE	NA	NA	NA	NA	NA
NC_045512.2	18526	C	-G	13	7	47	3	0	20	0.230769	13	0.17094	FALSE	NA	NA	NA	NA	NA
NC_045512.2	18688	T	C	23	11	60	1	1	76	0.0416667	24	0.510638	FALSE	NA	NA	NA	NA	NA
NC_045512.2	18756	G	A	19	12	35	1	0	34	0.05	20	0.512821	FALSE	NA	NA	NA	NA	NA
NC_045512.2	18872	G	A	122	60	37	1	1	80	0.00813008	123	0.502041	FALSE	NA	NA	NA	NA	NA
NC_045512.2	18894	C	T	0	0	0	123	64	42	1	123	3.48033e-73	TRUE	NA	NA	NA	NA	NA
NC_045512.2	18912	C	T	121	65	40	2	1	39	0.0162602	123	0.25102	FALSE	NA	NA	NA	NA	NA
NC_045512.2	19722	A	G	0	0	0	8	8	39	1	8	0.0001554	TRUE	NA	NA	NA	NA	NA
NC_045512.2	19955	C	T	0	0	0	81	35	40	1	81	5.46586e-48	TRUE	NA	NA	NA	NA	NA
NC_045512.2	19957	G	A	79	34	38	2	1	39	0.0246914	81	0.251553	FALSE	NA	NA	NA	NA	NA
NC_045512.2	19984	T	C	78	34	40	1	0	39	0.0126582	79	0.503185	FALSE	NA	NA	NA	NA	NA
NC_045512.2	20003	A	G	77	39	44	2	1	40	0.0253165	79	0.251592	FALSE	NA	NA	NA	NA	NA
NC_045512.2	20055	A	G	0	0	0	75	40	36	1	75	2.15457e-44	TRUE	NA	NA	NA	NA	NA
NC_045512.2	20703	C	T	172	85	37	2	1	37	0.0114943	174	0.25072	FALSE	NA	NA	NA	NA	NA
NC_045512.2	20713	A	G	171	84	40	2	1	40	0.0115607	173	0.250725	FALSE	NA	NA	NA	NA	NA
NC_045512.2	20736	C	T	168	83	37	2	1	39	0.0117647	170	0.250737	FALSE	NA	NA	NA	NA	NA
NC_045512.2	20738	T	C	168	83	40	2	1	38	0.0117647	170	0.250737	FALSE	NA	NA	NA	NA	NA
NC_045512.2	20823	C	T	8	4	36	11	4	38	0.578947	19	8.84008e-05	TRUE	NA	NA	NA	NA	NA
NC_045512.2	21028	T	-G	4	2	37	4	0	20	1	4	0.212121	FALSE	NA	NA	NA	NA	NA
NC_045512.2	21184	T	-G	40	19	37	31	0	20	0.775	40	5.87136e-08	TRUE	NA	NA	NA	NA	NA
NC_045512.2	21270	A	-T	29	2	34	1	0	20	0.0344828	29	0.517241	FALSE	NA	NA	NA	NA	NA
NC_045512.2	21405	A	-T	111	68	40	2	0	20	0.018018	111	0.510135	FALSE	NA	NA	NA	NA	NA
NC_045512.2	21711	C	T	0	0	0	154	31	38	1	154	8.44266e-92	TRUE	NA	NA	NA	NA	NA
NC_045512.2	21764	A	-TACATG	154	31	34	154	0	20	1	154	1.3603e-33	TRUE	NA	NA	NA	NA	NA
NC_045512.2	21782	A	G	153	89	61	1	0	66	0.00649351	154	0.501629	FALSE	NA	NA	NA	NA	NA
NC_045512.2	21834	A	-T	92	92	38	1	0	20	0.0108696	92	0.505435	FALSE	NA	NA	NA	NA	NA
NC_045512.2	21941	G	T	0	0	0	2	0	41	1	2	0.333333	FALSE	NA	NA	NA	NA	NA
NC_045512.2	21987	G	A	0	0	0	44	21	40	1	44	7.61948e-26	TRUE	NA	NA	NA	NA	NA
NC_045512.2	21990	T	-TTA	44	21	41	44	0	20	1	44	1.73604e-10	TRUE	NA	NA	NA	NA	NA
NC_045512.2	22030	G	-T	44	23	40	11	0	20	0.25	44	0.00106791	TRUE	NA	NA	NA	NA	NA
NC_045512.2	22032	T	C	11	11	36	33	12	39	0.75	44	7.29359e-15	TRUE	NA	NA	NA	NA	NA
NC_045512.2	22033	C	A	11	11	39	33	12	40	0.75	44	7.29359e-15	TRUE	NA	NA	NA	NA	NA
NC_045512.2	22034	A	G	11	11	40	33	12	41	0.75	44	7.29359e-15	TRUE	NA	NA	NA	NA	NA
NC_045512.2	22034	A	+G	11	11	40	11	0	20	0.25	44	7.88131e-07	TRUE	NA	NA	NA	NA	NA
NC_045512.2	22193	A	-ATT	16	2	38	16	0	20	1	16	0.000399859	TRUE	NA	NA	NA	NA	NA
NC_045512.2	22200	T	G	0	0	0	16	6	69	1	16	3.32734e-09	TRUE	NA	NA	NA	NA	NA
NC_045512.2	22208	C	T	0	0	0	16	6	70	1	16	3.32734e-09	TRUE	NA	NA	NA	NA	NA
NC_045512.2	22250	C	A	109	46	41	6	3	34	0.0521739	115	0.0150065	FALSE	NA	NA	NA	NA	NA
NC_045512.2	22253	A	G	113	48	42	1	1	22	0.00877193	114	0.753304	FALSE	NA	NA	NA	NA	NA
NC_045512.2	22295	C	A	0	0	0	115	58	39	1	115	2.2056e-68	TRUE	NA	NA	NA	NA	NA
NC_045512.2	22353	C	A	0	0	0	13	7	73	1	13	1.92297e-07	TRUE	NA	NA	NA	NA	NA
NC_045512.2	22629	A	C	0	0	0	95	27	34	1	95	2.20465e-56	TRUE	NA	NA	NA	NA	NA
NC_045512.2	22674	C	T	0	0	0	96	52	51	1	96	5.54047e-57	TRUE	NA	NA	NA	NA	NA
NC_045512.2	22679	T	C	0	0	0	96	52	54	1	96	5.54047e-57	TRUE	NA	NA	NA	NA	NA
NC_045512.2	22686	C	T	0	0	0	96	52	53	1	96	5.54047e-57	TRUE	NA	NA	NA	NA	NA
NC_045512.2	22688	A	G	0	0	0	96	52	48	1	96	5.54047e-57	TRUE	NA	NA	NA	NA	NA
NC_045512.2	22770	G	A	0	0	0	42	42	40	1	42	1.19125e-24	TRUE	NA	NA	NA	NA	NA
NC_045512.2	22775	G	A	0	0	0	42	42	32	1	42	1.19125e-24	TRUE	NA	NA	NA	NA	NA
NC_045512.2	22779	A	G	40	40	36	2	2	38	0.047619	42	0.253012	FALSE	NA	NA	NA	NA	NA
NC_045512.2	22882	T	G	0	0	0	1	0	40	1	1	1	FALSE	NA	NA	NA	NA	NA
NC_045512.2	22895	G	C	0	0	0	1	0	41	1	1	1	FALSE	NA	NA	NA	NA	NA
NC_045512.2	22896	T	A	0	0	0	1	0	41	1	1	1	FALSE	NA	NA	NA	NA	NA
NC_045512.2	22898	G	A	0	0	0	1	0	34	1	1	1	FALSE	NA	NA	NA	NA	NA
NC_045512.2	22910	A	G	0	0	0	1	0	38	1	1	1	FALSE	NA	NA	NA	NA	NA
NC_045512.2	22916	C	T	0	0	0	1	0	39	1	1	1	FALSE	NA	NA	NA	NA	NA
NC_045512.2	22917	T	G	0	0	0	1	0	41	1	1	1	FALSE	NA	NA	NA	NA	NA
NC_045512.2	22926	T	C	0	0	0	1	0	33	1	1	1	FALSE	NA	NA	NA	NA	NA
NC_045512.2	22928	T	C	0	0	0	1	0	39	1	1	1	FALSE	NA	NA	NA	NA	NA
NC_045512.2	22942	T	A	0	0	0	1	0	40	1	1	1	FALSE	NA	NA	NA	NA	NA
NC_045512.2	22992	G	A	0	0	0	1	0	77	1	1	1	FALSE	NA	NA	NA	NA	NA
NC_045512.2	22995	C	A	0	0	0	1	0	78	1	1	1	FALSE	NA	NA	NA	NA	NA
NC_045512.2	23005	T	A	0	0	0	1	1	41	1	1	1	FALSE	NA	NA	NA	NA	NA
NC_045512.2	23007	G	-TGT	1	1	41	1	0	20	1	1	1	FALSE	NA	NA	NA	NA	NA
NC_045512.2	23012	G	A	0	0	0	1	1	36	1	1	1	FALSE	NA	NA	NA	NA	NA
NC_045512.2	23018	T	C	0	0	0	1	1	41	1	1	1	FALSE	NA	NA	NA	NA	NA
NC_045512.2	23019	T	C	0	0	0	1	1	41	1	1	1	FALSE	NA	NA	NA	NA	NA
NC_045512.2	23039	C	G	0	0	0	1	1	35	1	1	1	FALSE	NA	NA	NA	NA	NA
NC_045512.2	23055	A	G	0	0	0	1	1	31	1	1	1	FALSE	NA	NA	NA	NA	NA
NC_045512.2	23063	A	T	0	0	0	1	1	34	1	1	1	FALSE	NA	NA	NA	NA	NA
NC_045512.2	23222	G	A	0	0	0	2	0	36	1	2	0.333333	FALSE	NA	NA	NA	NA	NA
NC_045512.2	23271	C	T	0	0	0	154	26	39	1	154	8.44266e-92	TRUE	NA	NA	NA	NA	NA
NC_045512.2	23277	C	T	8	4	38	146	22	40	0.948052	154	7.92201e-79	TRUE	NA	NA	NA	NA	NA
NC_045512.2	23288	G	T	152	25	40	2	1	41	0.012987	154	0.250814	FALSE	NA	NA	NA	NA	NA
NC_045512.2	23291	C	T	154	26	32	1	0	21	0.00645161	155	0.752427	FALSE	NA	NA	NA	NA	NA
NC_045512.2	23308	T	C	156	26	36	1	0	34	0.00636943	157	0.501597	FALSE	NA	NA	NA	NA	NA
NC_045512.2	23355	T	C	182	63	57	1	0	77	0.00546448	183	0.50137	FALSE	NA	NA	NA	NA	NA
NC_045512.2	23403	A	G	0	0	0	184	117	37	1	184	8.00333e-110	TRUE	NA	NA	NA	NA	NA
NC_045512.2	23423	C	T	0	0	0	183	142	45	1	183	3.19263e-109	TRUE	NA	NA	NA	NA	NA
NC_045512.2	23434	T	C	182	141	46	1	1	38	0.00546448	183	0.50137	FALSE	NA	NA	NA	NA	NA
NC_045512.2	23525	C	T	0	0	0	59	58	36	1	59	8.21129e-35	TRUE	NA	NA	NA	NA	NA
NC_045512.2	23599	T	G	0	0	0	20	20	37	1	20	1.45089e-11	TRUE	NA	NA	NA	NA	NA
NC_045512.2	23604	C	G	0	0	0	21	21	34	1	21	3.71569e-12	TRUE	NA	NA	NA	NA	NA
NC_045512.2	23795	G	A	14	12	59	1	0	75	0.0666667	15	0.517241	FALSE	NA	NA	NA	NA	NA
NC_045512.2	23854	C	A	0	0	0	9	9	39	1	9	4.11353e-05	TRUE	NA	NA	NA	NA	NA
NC_045512.2	23948	G	T	0	0	0	4	2	38	1	4	0.0285714	FALSE	NA	NA	NA	NA	NA
NC_045512.2	24264	A	G	9	6	35	2	1	35	0.181818	11	0.261905	FALSE	NA	NA	NA	NA	NA
NC_045512.2	24272	T	C	10	6	35	1	1	41	0.0909091	11	0.52381	FALSE	NA	NA	NA	NA	NA
NC_045512.2	24378	C	T	0	0	0	4	1	41	1	4	0.0285714	FALSE	NA	NA	NA	NA	NA
NC_045512.2	24424	A	T	0	0	0	46	19	39	1	46	4.8686e-27	TRUE	NA	NA	NA	NA	NA
NC_045512.2	24469	T	A	0	0	0	46	19	40	1	46	4.8686e-27	TRUE	NA	NA	NA	NA	NA
NC_045512.2	24872	G	T	0	0	0	9	4	40	1	9	4.11353e-05	TRUE	NA	NA	NA	NA	NA
NC_045512.2	24990	C	T	0	0	0	7	1	40	1	7	0.000582751	TRUE	NA	NA	NA	NA	NA
NC_045512.2	25000	C	T	0	0	0	7	1	41	1	7	0.000582751	TRUE	NA	NA	NA	NA	NA
NC_045512.2	25207	C	T	0	0	0	20	10	40	1	20	1.45089e-11	TRUE	NA	NA	NA	NA	NA
NC_045512.2	25305	G	A	54	28	48	1	1	73	0.0181818	55	0.504587	FALSE	NA	NA	NA	NA	NA
NC_045512.2	25314	G	T	53	28	47	2	1	36	0.0363636	55	0.252294	FALSE	NA	NA	NA	NA	NA
NC_045512.2	25341	A	T	108	17	40	2	1	37	0.0181818	110	0.251142	FALSE	NA	NA	NA	NA	NA
NC_045512.2	25359	A	G	103	18	44	7	0	40	0.0636364	110	0.00731323	TRUE	NA	NA	NA	NA	NA
NC_045512.2	25384	A	G	110	57	65	1	0	67	0.00900901	111	0.502262	FALSE	NA	NA	NA	NA	NA
NC_045512.2	25395	G	A	110	56	64	1	1	71	0.00900901	111	0.502262	FALSE	NA	NA	NA	NA	NA
NC_045512.2	25425	A	G	167	77	52	2	1	75	0.0118343	169	0.250742	FALSE	NA	NA	NA	NA	NA
NC_045512.2	25456	G	A	168	77	51	1	1	75	0.00591716	169	0.501484	FALSE	NA	NA	NA	NA	NA
NC_045512.2	25473	T	A	160	113	40	2	1	41	0.0123457	162	0.250774	FALSE	NA	NA	NA	NA	NA
NC_045512.2	25507	G	T	408	38	38	1	0	38	0.00244499	409	0.500612	FALSE	NA	NA	NA	NA	NA
NC_045512.2	25524	A	G	411	38	37	1	0	37	0.00242718	412	0.500608	FALSE	NA	NA	NA	NA	NA
NC_045512.2	25527	G	T	410	38	39	1	0	32	0.00243309	411	0.500609	FALSE	NA	NA	NA	NA	NA
NC_045512.2	25532	T	C	409	41	38	1	0	41	0.00243902	410	0.500611	FALSE	NA	NA	NA	NA	NA
NC_045512.2	25536	T	C	412	41	33	1	0	20	0.00242131	413	0.969316	FALSE	NA	NA	NA	NA	NA
NC_045512.2	25537	G	A	412	41	38	1	0	34	0.00242131	413	0.500606	FALSE	NA	NA	NA	NA	NA
NC_045512.2	25538	G	T	413	40	39	1	1	36	0.00241546	414	0.500605	FALSE	NA	NA	NA	NA	NA
NC_045512.2	25540	G	T	412	41	40	1	0	39	0.00241546	414	0.5	FALSE	NA	NA	NA	NA	NA
NC_045512.2	25540	G	A	412	41	40	1	0	34	0.00241546	414	0.5	FALSE	NA	NA	NA	NA	NA
NC_045512.2	25555	G	-T	414	41	38	2	0	20	0.00483092	414	0.893158	FALSE	NA	NA	NA	NA	NA
NC_045512.2	25564	A	G	416	196	65	1	0	72	0.00239808	417	0.5006	FALSE	NA	NA	NA	NA	NA
NC_045512.2	25572	C	T	410	195	71	7	3	52	0.0167866	417	0.0076812	TRUE	NA	NA	NA	NA	NA
NC_045512.2	25584	C	T	0	0	0	416	199	66	1	416	2.52537e-249	TRUE	NA	NA	NA	NA	NA
NC_045512.2	25585	C	T	413	198	66	1	1	82	0.00241546	414	0.500605	FALSE	NA	NA	NA	NA	NA
NC_045512.2	25587	C	T	415	198	69	1	1	71	0.00240385	416	0.500602	FALSE	NA	NA	NA	NA	NA
NC_045512.2	25587	C	-A	415	198	69	15	0	20	0.0360577	416	0.0110095	FALSE	NA	NA	NA	NA	NA
NC_045512.2	25593	G	T	279	142	68	138	59	66	0.330935	417	4.01067e-48	TRUE	NA	NA	NA	NA	NA
NC_045512.2	25598	G	T	415	201	69	1	0	77	0.00240385	416	0.500602	FALSE	NA	NA	NA	NA	NA
NC_045512.2	25599	G	T	414	199	69	1	1	70	0.00240964	415	0.500603	FALSE	NA	NA	NA	NA	NA
NC_045512.2	25627	T	A	342	338	40	1	1	40	0.00291545	343	0.50073	FALSE	NA	NA	NA	NA	NA
NC_045512.2	25645	T	C	342	342	38	1	1	40	0.00291545	343	0.50073	FALSE	NA	NA	NA	NA	NA
NC_045512.2	25665	C	T	341	341	39	1	1	41	0.00292398	342	0.500732	FALSE	NA	NA	NA	NA	NA
NC_045512.2	25672	C	-T	342	342	38	3	0	20	0.00877193	342	0.662404	FALSE	NA	NA	NA	NA	NA
NC_045512.2	25673	T	C	337	337	39	2	2	38	0.00589971	339	0.248163	FALSE	NA	NA	NA	NA	NA
NC_045512.2	26060	C	T	0	0	0	14	9	57	1	14	4.98547e-08	TRUE	NA	NA	NA	NA	NA
NC_045512.2	26144	G	A	111	59	39	1	1	37	0.00892857	112	0.502242	FALSE	NA	NA	NA	NA	NA
NC_045512.2	26157	T	-GTTA	112	60	33	3	0	20	0.0267857	112	0.324274	FALSE	NA	NA	NA	NA	NA
NC_045512.2	26181	T	C	190	67	39	2	1	36	0.0104167	192	0.250653	FALSE	NA	NA	NA	NA	NA
NC_045512.2	26216	T	C	83	13	35	1	0	37	0.0119048	84	0.502994	FALSE	NA	NA	NA	NA	NA
NC_045512.2	26220	A	C	84	34	65	1	0	73	0.0117647	85	0.502959	FALSE	NA	NA	NA	NA	NA
NC_045512.2	26270	C	T	0	0	0	200	70	44	1	200	1.94264e-119	TRUE	NA	NA	NA	NA	NA
NC_045512.2	26316	G	A	198	109	39	1	1	32	0.00502513	199	0.501259	FALSE	NA	NA	NA	NA	NA
NC_045512.2	26331	T	C	199	130	42	1	1	36	0.005	200	0.501253	FALSE	NA	NA	NA	NA	NA
NC_045512.2	26343	C	T	199	130	43	1	1	76	0.005	200	0.501253	FALSE	NA	NA	NA	NA	NA
NC_045512.2	26356	C	T	63	30	53	1	1	79	0.015625	64	0.503937	FALSE	NA	NA	NA	NA	NA
NC_045512.2	26529	G	C	0	0	0	3	1	38	1	3	0.1	FALSE	NA	NA	NA	NA	NA
NC_045512.2	26577	C	G	0	0	0	3	1	41	1	3	0.1	FALSE	NA	NA	NA	NA	NA
NC_045512.2	26610	A	G	0	0	0	3	2	65	1	3	0.1	FALSE	NA	NA	NA	NA	NA
NC_045512.2	26681	C	T	0	0	0	2	2	40	1	2	0.333333	FALSE	NA	NA	NA	NA	NA
NC_045512.2	26709	G	A	0	0	0	2	2	38	1	2	0.333333	FALSE	NA	NA	NA	NA	NA
NC_045512.2	26833	C	T	0	0	0	50	20	30	1	50	1.98233e-29	TRUE	NA	NA	NA	NA	NA
NC_045512.2	26858	C	T	2	1	39	48	20	37	0.96	50	2.52747e-26	TRUE	NA	NA	NA	NA	NA
NC_045512.2	26948	T	C	28	18	42	2	1	35	0.0666667	30	0.254237	FALSE	NA	NA	NA	NA	NA
NC_045512.2	26984	C	T	179	90	38	2	1	37	0.0110497	181	0.250693	FALSE	NA	NA	NA	NA	NA
NC_045512.2	27097	G	-T	93	40	40	2	0	20	0.0215054	93	0.256742	FALSE	NA	NA	NA	NA	NA
NC_045512.2	27131	C	T	91	50	38	2	1	40	0.0215054	93	0.251351	FALSE	NA	NA	NA	NA	NA
NC_045512.2	27182	T	-G	36	22	34	1	0	20	0.0277778	36	0.513889	FALSE	NA	NA	NA	NA	NA
NC_045512.2	27259	A	C	0	0	0	3	0	32	1	3	0.1	FALSE	NA	NA	NA	NA	NA
NC_045512.2	27382	G	C	0	0	0	5	5	35	1	5	0.00793651	TRUE	NA	NA	NA	NA	NA
NC_045512.2	27383	A	T	0	0	0	5	5	39	1	5	0.00793651	TRUE	NA	NA	NA	NA	NA
NC_045512.2	27384	T	C	0	0	0	5	5	36	1	5	0.00793651	TRUE	NA	NA	NA	NA	NA
NC_045512.2	27489	A	G	244	116	40	2	1	39	0.00813008	246	0.250509	FALSE	NA	NA	NA	NA	NA
NC_045512.2	27490	G	A	242	115	37	2	0	41	0.00819672	244	0.250513	FALSE	NA	NA	NA	NA	NA
NC_045512.2	27526	C	T	242	115	38	4	2	39	0.0162602	246	0.0622431	FALSE	NA	NA	NA	NA	NA
NC_045512.2	27606	A	G	143	69	36	2	1	39	0.0137931	145	0.250865	FALSE	NA	NA	NA	NA	NA
NC_045512.2	27612	C	T	143	70	36	1	0	34	0.00694444	144	0.501742	FALSE	NA	NA	NA	NA	NA
NC_045512.2	27707	C	T	93	52	45	2	1	70	0.0210526	95	0.251323	FALSE	NA	NA	NA	NA	NA
NC_045512.2	27739	C	T	86	39	53	1	1	80	0.0114943	87	0.50289	FALSE	NA	NA	NA	NA	NA
NC_045512.2	27792	T	C	83	61	40	2	1	40	0.0235294	85	0.251479	FALSE	NA	NA	NA	NA	NA
NC_045512.2	27807	C	T	0	0	0	88	65	39	1	88	3.47683e-52	TRUE	NA	NA	NA	NA	NA
NC_045512.2	27810	T	C	0	0	0	88	65	39	1	88	3.47683e-52	TRUE	NA	NA	NA	NA	NA
NC_045512.2	27833	T	C	5	3	38	1	1	38	0.166667	6	0.545455	FALSE	NA	NA	NA	NA	NA
NC_045512.2	28040	A	G	121	67	39	3	2	34	0.0241935	124	0.124994	FALSE	NA	NA	NA	NA	NA
NC_045512.2	28115	C	A	386	202	34	2	1	36	0.00515464	388	0.250323	FALSE	NA	NA	NA	NA	NA
NC_045512.2	28121	C	T	387	204	35	2	1	35	0.00514139	389	0.250322	FALSE	NA	NA	NA	NA	NA
NC_045512.2	28271	A	T	0	0	0	15	0	36	1	15	1.28935e-08	TRUE	NA	NA	NA	NA	NA
NC_045512.2	28291	C	A	13	0	34	2	0	32	0.133333	15	0.258621	FALSE	NA	NA	NA	NA	NA
NC_045512.2	28297	T	C	11	0	39	4	0	39	0.266667	15	0.0574713	FALSE	NA	NA	NA	NA	NA
NC_045512.2	28311	C	T	0	0	0	16	9	62	1	16	3.32734e-09	TRUE	NA	NA	NA	NA	NA
NC_045512.2	28347	G	A	590	203	41	1	1	64	0.00169205	591	0.500423	FALSE	NA	NA	NA	NA	NA
NC_045512.2	28349	A	G	589	203	33	2	1	40	0.00338409	591	0.250212	FALSE	NA	NA	NA	NA	NA
NC_045512.2	28350	G	A	591	205	39	1	0	39	0.00168919	592	0.500423	FALSE	NA	NA	NA	NA	NA
NC_045512.2	28360	T	-GGAGAACGC	592	205	36	2	0	20	0.00337838	592	0.938877	FALSE	NA	NA	NA	NA	NA
NC_045512.2	28361	G	-GAGAACGCA	590	204	41	590	0	20	0.996622	592	1.24578e-124	TRUE	NA	NA	NA	NA	NA
NC_045512.2	28370	A	T	0	0	0	2	1	31	1	2	5.71638e-06	TRUE	NA	NA	NA	NA	NA
NC_045512.2	28372	T	C	572	203	31	20	2	40	0.0337838	592	8.24017e-07	TRUE	NA	NA	NA	NA	NA
NC_045512.2	28382	T	C	589	205	38	2	1	37	0.00338409	591	0.250212	FALSE	NA	NA	NA	NA	NA
NC_045512.2	28387	A	G	595	207	40	2	1	38	0.00335008	597	0.25021	FALSE	NA	NA	NA	NA	NA
NC_045512.2	28392	G	A	592	210	36	2	1	36	0.003367	594	0.250211	FALSE	NA	NA	NA	NA	NA
NC_045512.2	28396	G	-C	596	213	40	1	0	20	0.00167785	596	0.984727	FALSE	NA	NA	NA	NA	NA
NC_045512.2	28412	A	G	591	214	29	4	2	39	0.00672269	595	0.0623945	FALSE	NA	NA	NA	NA	NA
NC_045512.2	28419	C	A	588	216	40	2	1	40	0.00338983	590	0.250212	FALSE	NA	NA	NA	NA	NA
NC_045512.2	28434	C	T	588	303	48	1	1	71	0.00169779	589	0.500425	FALSE	NA	NA	NA	NA	NA
NC_045512.2	28436	G	A	587	302	50	2	1	29	0.00339559	589	0.938335	FALSE	NA	NA	NA	NA	NA
NC_045512.2	28447	A	G	934	459	40	1	0	82	0.00106952	935	0.500268	FALSE	NA	NA	NA	NA	NA
NC_045512.2	28452	G	A	934	459	46	2	1	35	0.00213675	936	0.250134	FALSE	NA	NA	NA	NA	NA
NC_045512.2	28458	A	T	936	461	44	1	0	61	0.00106724	937	0.500267	FALSE	NA	NA	NA	NA	NA
NC_045512.2	28460	G	A	936	460	45	1	1	41	0.00106724	937	0.500267	FALSE	NA	NA	NA	NA	NA
NC_045512.2	28465	T	C	936	461	40	2	1	37	0.0021322	938	0.250133	FALSE	NA	NA	NA	NA	NA
NC_045512.2	28478	G	T	926	546	36	2	1	32	0.00215517	928	0.250135	FALSE	NA	NA	NA	NA	NA
NC_045512.2	28482	A	G	927	548	34	2	1	37	0.00215285	929	0.250135	FALSE	NA	NA	NA	NA	NA
NC_045512.2	28487	G	A	926	549	39	4	2	33	0.00430108	930	0.0624326	FALSE	NA	NA	NA	NA	NA
NC_045512.2	28505	A	C	928	550	32	2	1	39	0.00215054	930	0.250134	FALSE	NA	NA	NA	NA	NA
NC_045512.2	28507	C	A	928	550	40	2	1	40	0.00215054	930	0.250134	FALSE	NA	NA	NA	NA	NA
NC_045512.2	28511	C	T	928	550	39	2	1	34	0.00215054	930	0.250134	FALSE	NA	NA	NA	NA	NA
NC_045512.2	28521	A	T	927	550	33	2	1	29	0.00215285	929	0.994284	FALSE	NA	NA	NA	NA	NA
NC_045512.2	28522	A	G	927	550	36	2	1	40	0.00215285	929	0.250135	FALSE	NA	NA	NA	NA	NA
NC_045512.2	28526	G	A	937	562	38	2	1	36	0.00212993	939	0.250133	FALSE	NA	NA	NA	NA	NA
NC_045512.2	28543	T	C	936	562	34	2	1	29	0.0021322	938	0.994283	FALSE	NA	NA	NA	NA	NA
NC_045512.2	28554	T	C	434	214	39	2	1	39	0.00458716	436	0.250287	FALSE	NA	NA	NA	NA	NA
NC_045512.2	28569	G	A	432	213	40	4	2	35	0.00917431	436	0.0623557	FALSE	NA	NA	NA	NA	NA
NC_045512.2	28579	A	T	440	217	40	2	1	36	0.00452489	442	0.250283	FALSE	NA	NA	NA	NA	NA
NC_045512.2	28596	G	A	441	217	40	1	0	34	0.00226244	442	0.500566	FALSE	NA	NA	NA	NA	NA
NC_045512.2	28630	T	G	433	222	38	4	2	33	0.00915332	437	0.0623561	FALSE	NA	NA	NA	NA	NA
NC_045512.2	28631	G	C	434	221	42	4	3	34	0.00913242	438	0.0623564	FALSE	NA	NA	NA	NA	NA
NC_045512.2	28659	G	A	320	121	40	1	0	35	0.00311526	321	0.50078	FALSE	NA	NA	NA	NA	NA
NC_045512.2	28661	A	G	317	119	37	4	2	39	0.0124611	321	0.0623036	FALSE	NA	NA	NA	NA	NA
NC_045512.2	28687	C	A	319	131	37	1	0	35	0.003125	320	0.500782	FALSE	NA	NA	NA	NA	NA
NC_045512.2	28709	A	T	314	169	44	8	4	40	0.0248447	322	0.00378515	TRUE	NA	NA	NA	NA	NA
NC_045512.2	28714	C	T	300	164	49	23	11	37	0.0712074	323	8.23742e-08	TRUE	NA	NA	NA	NA	NA
NC_045512.2	28717	C	T	298	159	48	25	16	36	0.0773994	323	1.91294e-08	TRUE	NA	NA	NA	NA	NA
NC_045512.2	28744	C	T	321	175	42	1	1	70	0.00310559	322	0.500778	FALSE	NA	NA	NA	NA	NA
NC_045512.2	28747	G	A	500	262	45	2	1	35	0.00398406	502	0.250249	FALSE	NA	NA	NA	NA	NA
NC_045512.2	28766	A	G	260	134	49	1	1	75	0.00383142	261	0.50096	FALSE	NA	NA	NA	NA	NA
NC_045512.2	28767	C	T	259	134	49	2	1	36	0.00766284	261	0.25048	FALSE	NA	NA	NA	NA	NA
NC_045512.2	28776	C	+A	261	136	50	1	0	20	0.00383142	261	0.877148	FALSE	NA	NA	NA	NA	NA
NC_045512.2	28793	G	T	252	164	39	8	7	36	0.0307692	260	0.00375634	TRUE	NA	NA	NA	NA	NA
NC_045512.2	28808	G	T	252	164	37	2	2	38	0.00787402	254	0.250493	FALSE	NA	NA	NA	NA	NA
NC_045512.2	28829	T	C	673	373	38	2	1	38	0.00296296	675	0.250185	FALSE	NA	NA	NA	NA	NA
NC_045512.2	28832	T	C	422	207	34	2	1	39	0.00471698	424	0.250295	FALSE	NA	NA	NA	NA	NA
NC_045512.2	28833	C	T	423	207	39	2	1	35	0.00470588	425	0.250294	FALSE	NA	NA	NA	NA	NA
NC_045512.2	28881	G	A	0	0	0	418	207	39	1	418	1.58215e-250	TRUE	NA	NA	NA	NA	NA
NC_045512.2	28882	G	A	0	0	0	418	207	37	1	418	1.58215e-250	TRUE	NA	NA	NA	NA	NA
NC_045512.2	28883	G	C	0	0	0	418	207	36	1	418	1.58215e-250	TRUE	NA	NA	NA	NA	NA
NC_045512.2	28884	G	C	348	172	38	70	35	40	0.167464	418	3.9416e-23	TRUE	NA	NA	NA	NA	NA
NC_045512.2	28904	G	A	401	207	39	2	1	35	0.00496278	403	0.250311	FALSE	NA	NA	NA	NA	NA
NC_045512.2	28905	C	T	396	204	41	7	4	33	0.0173697	403	0.00767663	TRUE	NA	NA	NA	NA	NA
NC_045512.2	28922	G	A	334	2	41	1	0	31	0.00298507	335	0.500747	FALSE	NA	NA	NA	NA	NA
NC_045512.2	28935	T	C	332	2	32	1	0	39	0.003003	333	0.500752	FALSE	NA	NA	NA	NA	NA
NC_045512.2	28954	G	C	337	3	37	1	0	41	0.00295858	338	0.500741	FALSE	NA	NA	NA	NA	NA
NC_045512.2	28956	A	G	337	3	36	1	0	41	0.00295858	338	0.500741	FALSE	NA	NA	NA	NA	NA
NC_045512.2	28957	C	T	337	3	36	1	0	36	0.00295858	338	0.500741	FALSE	NA	NA	NA	NA	NA
NC_045512.2	28958	C	A	0	0	0	338	3	32	1	338	2.07944e-202	TRUE	NA	NA	NA	NA	NA
NC_045512.2	28969	C	-A	339	6	41	2	0	20	0.00589971	339	0.816173	FALSE	NA	NA	NA	NA	NA
NC_045512.2	28985	G	T	345	173	72	1	1	72	0.00289017	346	0.500724	FALSE	NA	NA	NA	NA	NA
NC_045512.2	28986	G	A	345	173	76	1	1	72	0.00289017	346	0.500724	FALSE	NA	NA	NA	NA	NA
NC_045512.2	28987	C	-CAA	346	175	73	3	0	20	0.00867052	346	0.662333	FALSE	NA	NA	NA	NA	NA
NC_045512.2	28988	C	T	342	171	74	1	1	71	0.00291545	343	0.498547	FALSE	NA	NA	NA	NA	NA
NC_045512.2	28995	A	G	345	176	70	1	1	23	0.00289017	346	0.938403	FALSE	NA	NA	NA	NA	NA
NC_045512.2	29011	C	T	788	338	54	3	3	68	0.00379267	791	0.125	FALSE	NA	NA	NA	NA	NA
NC_045512.2	29018	A	T	785	337	54	2	1	34	0.0025413	787	0.250159	FALSE	NA	NA	NA	NA	NA
NC_045512.2	29025	C	T	786	339	56	1	0	39	0.00127065	787	0.500318	FALSE	NA	NA	NA	NA	NA
NC_045512.2	29035	T	G	785	339	55	1	0	72	0.00127226	786	0.500318	FALSE	NA	NA	NA	NA	NA
NC_045512.2	29037	C	T	785	339	50	1	1	82	0.00127226	786	0.500318	FALSE	NA	NA	NA	NA	NA
NC_045512.2	29046	C	T	785	343	53	1	0	73	0.00127226	786	0.500318	FALSE	NA	NA	NA	NA	NA
NC_045512.2	29048	C	T	774	493	35	4	2	33	0.00514139	778	0.0624194	FALSE	NA	NA	NA	NA	NA
NC_045512.2	29051	C	-A	779	498	39	4	0	20	0.00513479	779	0.889594	FALSE	NA	NA	NA	NA	NA
NC_045512.2	29056	A	C	775	496	38	4	2	38	0.00513479	779	0.0624195	FALSE	NA	NA	NA	NA	NA
NC_045512.2	29064	C	T	777	496	37	1	1	36	0.00128535	778	0.500322	FALSE	NA	NA	NA	NA	NA
NC_045512.2	29068	T	C	777	496	36	1	1	36	0.00128535	778	0.500322	FALSE	NA	NA	NA	NA	NA
NC_045512.2	29069	A	G	777	496	36	1	1	41	0.00128535	778	0.500322	FALSE	NA	NA	NA	NA	NA
NC_045512.2	29076	A	G	775	495	34	2	1	38	0.002574	777	0.250161	FALSE	NA	NA	NA	NA	NA
NC_045512.2	29077	C	T	750	489	38	25	7	38	0.0322581	775	2.48829e-08	TRUE	NA	NA	NA	NA	NA
NC_045512.2	29078	A	G	773	494	34	1	0	33	0.00129199	774	0.500323	FALSE	NA	NA	NA	NA	NA
NC_045512.2	29083	A	G	783	555	38	1	1	38	0.00127551	784	0.500319	FALSE	NA	NA	NA	NA	NA
NC_045512.2	29091	C	T	784	557	44	1	1	75	0.00127389	785	0.500319	FALSE	NA	NA	NA	NA	NA
NC_045512.2	29092	T	C	784	557	43	1	1	40	0.00127389	785	0.500319	FALSE	NA	NA	NA	NA	NA
NC_045512.2	29109	C	G	768	358	46	2	1	38	0.0025974	770	0.250162	FALSE	NA	NA	NA	NA	NA
NC_045512.2	29112	A	T	768	358	43	2	1	31	0.0025974	770	0.250162	FALSE	NA	NA	NA	NA	NA
NC_045512.2	29117	A	G	768	358	44	2	1	40	0.0025974	770	0.250162	FALSE	NA	NA	NA	NA	NA
NC_045512.2	29123	G	A	768	358	42	2	1	41	0.0025974	770	0.250162	FALSE	NA	NA	NA	NA	NA
NC_045512.2	29131	T	G	770	360	38	1	0	41	0.00129702	771	0.500324	FALSE	NA	NA	NA	NA	NA
NC_045512.2	29131	T	-G	770	360	38	1	0	20	0.00129702	771	0.996184	FALSE	NA	NA	NA	NA	NA
NC_045512.2	29135	G	A	759	406	39	1	1	39	0.00131579	760	0.500329	FALSE	NA	NA	NA	NA	NA
NC_045512.2	29141	G	T	751	399	39	9	9	35	0.0118421	760	0.00191852	TRUE	NA	NA	NA	NA	NA
NC_045512.2	29148	T	C	758	407	37	2	1	40	0.00263158	760	0.250165	FALSE	NA	NA	NA	NA	NA
NC_045512.2	29160	C	T	758	409	39	2	1	39	0.00263158	760	0.250165	FALSE	NA	NA	NA	NA	NA
NC_045512.2	29175	G	A	756	432	40	4	2	37	0.00526316	760	0.0624175	FALSE	NA	NA	NA	NA	NA
NC_045512.2	29178	C	T	754	433	37	4	2	37	0.00527704	758	0.0624172	FALSE	NA	NA	NA	NA	NA
NC_045512.2	29179	G	A	755	431	39	3	2	29	0.00395778	758	0.946123	FALSE	NA	NA	NA	NA	NA
NC_045512.2	29186	G	A	755	433	41	3	2	33	0.00395778	758	0.125	FALSE	NA	NA	NA	NA	NA
NC_045512.2	29203	C	T	960	453	42	4	2	30	0.00414938	964	0.062435	FALSE	NA	NA	NA	NA	NA
NC_045512.2	29213	T	C	268	49	43	1	0	39	0.00371747	269	0.500931	FALSE	NA	NA	NA	NA	NA
NC_045512.2	29263	G	A	246	62	39	1	0	37	0.00404858	247	0.501014	FALSE	NA	NA	NA	NA	NA
NC_045512.2	29296	C	T	643	296	47	1	0	37	0.0015528	644	0.500389	FALSE	NA	NA	NA	NA	NA
NC_045512.2	29304	C	A	635	293	48	10	3	48	0.0155039	645	0.000950205	TRUE	NA	NA	NA	NA	NA
NC_045512.2	29311	C	T	635	292	47	10	4	68	0.0155039	645	0.000950205	TRUE	NA	NA	NA	NA	NA
NC_045512.2	29318	C	T	646	296	45	1	1	67	0.0015456	647	0.500387	FALSE	NA	NA	NA	NA	NA
NC_045512.2	29339	C	T	636	373	40	2	1	34	0.0031348	638	0.250196	FALSE	NA	NA	NA	NA	NA
NC_045512.2	29348	G	A	629	367	32	2	1	40	0.00316957	631	0.250198	FALSE	NA	NA	NA	NA	NA
NC_045512.2	29353	C	-A	635	373	38	1	0	20	0.0015748	635	0.992401	FALSE	NA	NA	NA	NA	NA
NC_045512.2	29357	A	C	634	372	40	1	1	39	0.0015748	635	0.500394	FALSE	NA	NA	NA	NA	NA
NC_045512.2	29369	A	G	637	412	41	2	1	41	0.00312989	639	0.250196	FALSE	NA	NA	NA	NA	NA
NC_045512.2	29377	T	-A	640	414	41	3	0	20	0.0046875	640	0.912447	FALSE	NA	NA	NA	NA	NA
NC_045512.2	29406	A	G	615	176	43	1	0	40	0.00162338	616	0.500406	FALSE	NA	NA	NA	NA	NA
NC_045512.2	29420	C	T	613	209	39	2	0	38	0.00325203	615	0.250203	FALSE	NA	NA	NA	NA	NA
NC_045512.2	29464	T	C	622	351	55	1	0	73	0.00160514	623	0.500402	FALSE	NA	NA	NA	NA	NA
NC_045512.2	29474	G	A	621	351	55	1	0	75	0.00160772	622	0.500402	FALSE	NA	NA	NA	NA	NA
NC_045512.2	29477	G	A	1150	602	47	2	1	36	0.00173611	1152	0.500326	FALSE	NA	NA	NA	NA	NA
NC_045512.2	29479	T	C	1152	604	50	2	1	39	0.0017331	1154	0.500325	FALSE	NA	NA	NA	NA	NA
NC_045512.2	29491	A	G	810	393	52	2	1	38	0.00246305	812	0.250154	FALSE	NA	NA	NA	NA	NA
NC_045512.2	29499	A	G	809	393	48	2	1	36	0.00246609	811	0.250154	FALSE	NA	NA	NA	NA	NA
NC_045512.2	29502	C	A	809	394	50	2	1	35	0.00246609	811	0.250154	FALSE	NA	NA	NA	NA	NA
NC_045512.2	29510	A	T	0	0	0	4	2	34	0.00493827	810	5.53425e-11	TRUE	NA	NA	NA	NA	NA
NC_045512.2	29510	A	C	0	0	0	806	394	46	0.995062	810	0	TRUE	NA	NA	NA	NA	NA
NC_045512.2	29518	C	T	802	525	39	1	1	41	0.00124533	803	0.500312	FALSE	NA	NA	NA	NA	NA
NC_045512.2	29520	C	T	802	525	38	2	2	35	0.00248756	804	0.250156	FALSE	NA	NA	NA	NA	NA
NC_045512.2	29534	A	G	801	527	39	2	1	41	0.00249066	803	0.250156	FALSE	NA	NA	NA	NA	NA
NC_045512.2	29541	C	T	799	525	40	1	0	32	0.00124688	802	0.499688	FALSE	NA	NA	NA	NA	NA
NC_045512.2	29541	C	G	799	525	40	2	1	39	0.00249377	802	0.249844	FALSE	NA	NA	NA	NA	NA
NC_045512.2	29545	C	T	809	547	40	1	0	23	0.00123457	810	0.998101	FALSE	NA	NA	NA	NA	NA
NC_045512.2	29546	C	G	808	545	40	2	2	36	0.00246914	810	0.250154	FALSE	NA	NA	NA	NA	NA
NC_045512.2	29550	C	T	807	545	37	3	2	36	0.0037037	810	0.125	FALSE	NA	NA	NA	NA	NA
NC_045512.2	29559	T	C	808	546	36	2	1	36	0.00246914	810	0.250154	FALSE	NA	NA	NA	NA	NA
NC_045512.2	29581	T	C	154	81	45	2	1	39	0.0128205	156	0.250804	FALSE	NA	NA	NA	NA	NA
NC_045512.2	29733	C	-GAGGCCACGCGGAGTACGATCGAGTG	5	5	65	5	0	20	1	5	0.125874	FALSE	NA	NA	NA	NA	NA
NC_045512.2	29769	C	T	4	4	69	1	1	39	0.2	5	0.555556	FALSE	NA	NA	NA	NA	NA
NC_045512.2	29774	C	T	4	4	68	1	1	41	0.2	5	0.555556	FALSE	NA	NA	NA	NA	NA
NC_045512.2	29777	G	T	4	4	59	1	1	80	0.2	5	0.555556	FALSE	NA	NA	NA	NA	NA
